,City ID,City,Lat,Long,Max Temp,Humidity,Cloudiness,Wind Speed,Country
0,546105,Nikolskoye,59.7,30.79,33.8,80,90,8.95,RU
1,3833367,Ushuaia,-54.8,-68.3,46.4,45,20,31.09,AR
2,4030556,Rikitea,-23.12,-134.97,76.08,79,24,7.52,PF
3,6170031,Tuktoyaktuk,69.45,-133.04,8.6,84,90,19.46,CA
4,5122534,Jamestown,42.1,-79.24,39.99,60,90,26.4,US
5,2075265,Busselton,-33.65,115.33,70.0,55,58,7.0,AU
6,3466704,Castro,-24.79,-50.01,62.08,96,94,2.98,BR
7,3874787,Punta Arenas,-53.15,-70.92,46.4,65,0,29.97,CL
8,5546220,Saint George,37.1,-113.58,50.0,27,1,1.39,US
9,3652764,Puerto Ayora,-0.74,-90.35,70.0,87,96,8.99,EC
10,2094342,Kavieng,-2.57,150.8,80.92,82,100,5.55,PG
11,2396518,Port-Gentil,-0.72,8.78,79.57,83,100,11.65,GA
12,3373652,Oistins,13.07,-59.53,80.6,88,75,9.17,BB
13,3366880,Hermanus,-34.42,19.23,53.01,88,68,10.2,ZA
14,6067747,Matagami,49.75,-77.63,35.6,93,90,13.87,CA
15,3443061,Chui,-33.7,-53.46,60.46,89,40,8.93,UY
16,2208248,Kaitangata,-46.28,169.85,62.44,57,50,10.31,NZ
17,3372964,Lagoa,39.05,-27.98,64.81,85,28,12.88,PT
18,3430863,Mar del Plata,-38.0,-57.56,54.0,87,20,3.53,AR
19,3934707,Mollendo,-17.02,-72.01,63.36,78,75,7.61,PE
20,1651810,Airai,-8.93,125.41,82.78,37,2,7.18,TL
21,4020109,Atuona,-9.8,-139.03,78.08,74,40,14.23,PF
22,5848280,Kapaa,22.08,-159.32,73.4,94,90,8.05,US
23,1852357,Shimoda,34.67,138.95,71.6,53,75,13.87,JP
24,2110227,Butaritari,3.07,172.79,81.79,72,84,11.68,KI
25,1651531,Ambon City,-3.7,128.18,91.4,63,40,8.05,ID
26,3424607,Tasiilaq,65.61,-37.64,14.79,91,100,2.8,GL
27,6201424,Mataura,-46.19,168.86,59.0,77,48,18.99,NZ
28,3418910,Upernavik,72.79,-56.15,18.86,89,100,16.24,GL
29,1714733,Dingle,11.0,122.67,86.61,73,15,11.68,PH
30,255030,Plátanos,37.67,21.62,50.0,93,20,4.72,GR
31,4513583,Hamilton,39.18,-84.53,46.99,49,40,16.11,US
32,5106841,Albany,42.6,-73.97,52.0,96,100,6.02,US
33,2022572,Khatanga,71.97,102.5,-3.73,92,89,11.9,RU
34,2122090,Pevek,69.7,170.31,3.74,94,83,6.73,RU
35,5962442,Goderich,43.75,-81.72,41.0,60,100,33.33,CA
36,2206939,Bluff,-46.6,168.33,59.0,77,11,18.99,NZ
37,964432,Port Alfred,-33.59,26.89,65.66,90,100,11.5,ZA
38,2194098,Ahipara,-35.17,173.17,66.36,77,51,7.9,NZ
39,1006984,East London,-33.02,27.91,64.4,93,90,2.24,ZA
40,4035715,Avarua,-21.21,-159.78,77.0,88,13,12.75,CK
41,4036284,Alofi,-19.06,-169.92,82.4,69,40,12.75,NU
42,2112309,Katsuura,35.13,140.3,71.01,63,20,5.82,JP
43,3369157,Cape Town,-33.93,18.42,59.0,67,0,13.87,ZA
44,1007311,Durban,-29.86,31.03,69.01,93,0,5.82,ZA
45,80509,Al Bardīyah,31.76,25.09,62.94,69,26,11.36,LY
46,2180737,Turangi,-39.0,175.93,64.99,77,30,1.99,NZ
47,3469437,Bom Jesus da Lapa,-13.26,-43.42,71.02,91,100,5.88,BR
48,5864145,Homer,59.64,-151.55,30.99,58,1,4.7,US
49,2629833,Husavik,66.04,-17.34,33.8,69,90,4.7,IS
50,293842,Kiryat Gat,31.61,34.76,61.0,100,23,4.0,IL
51,2109528,Buala,-8.14,159.59,83.05,77,100,13.29,SB
52,6050416,La Tuque,47.43,-72.78,33.8,93,100,8.05,CA
53,5880054,Barrow,71.29,-156.79,17.6,78,75,16.11,US
54,2980915,Arrondissement de Saint-Denis,48.92,2.33,52.0,87,90,12.75,FR
55,1024701,Macia,-25.03,33.1,67.62,82,0,3.11,MZ
56,4255151,Bud,39.45,-86.18,44.6,56,40,13.87,US
57,1526038,Atbasar,51.8,68.33,15.6,95,100,14.36,KZ
58,3831208,Qaanaaq,77.48,-69.36,3.2,81,100,13.35,GL
59,2074865,Carnarvon,-24.87,113.63,78.8,54,0,19.46,AU
60,1254858,Tāsgaon,17.03,74.6,78.91,62,98,17.05,IN
61,1257771,Saiha,22.48,92.97,85.26,40,0,1.57,IN
62,5110365,Broome,42.25,-75.83,44.6,56,90,16.11,US
63,1525376,Bestöbe,52.5,73.1,20.08,97,100,14.81,KZ
64,934322,Mahébourg,-20.41,57.7,73.4,56,40,10.29,MU
65,4726521,San Patricio,28.02,-97.52,69.8,22,20,16.11,US
66,491025,Soligalich,59.08,42.29,25.36,94,19,5.53,RU
67,2063036,Port Lincoln,-34.73,135.87,65.05,52,0,16.13,AU
68,2208091,Waitara,-38.92,174.25,61.0,78,53,11.99,NZ
69,4031574,Provideniya,64.38,-173.3,35.6,93,90,22.37,RU
70,2729907,Longyearbyen,78.22,15.64,17.6,67,75,29.97,SJ
71,3870243,Taltal,-25.4,-70.48,56.79,73,0,1.43,CL
72,187968,Malindi,-3.22,40.12,79.95,79,100,9.64,KE
73,122698,Naghadeh,36.96,45.39,43.14,62,92,2.15,IR
74,2108857,Gizo Government Station,-8.1,156.84,81.5,80,100,11.52,SB
75,780687,Berlevåg,70.86,29.09,37.4,86,40,18.34,NO
76,4034551,Faanui,-16.48,-151.75,80.47,76,100,7.67,PF
77,286621,Salalah,17.02,54.09,73.4,56,0,2.24,OM
78,3571913,Marsh Harbour,26.54,-77.06,77.38,77,1,10.36,BS
79,3421765,Nanortalik,60.14,-45.24,26.65,83,0,7.36,GL
80,1528998,Yumen,40.28,97.2,40.53,57,96,14.92,CN
81,4231997,Avera,33.19,-82.53,62.6,59,1,6.93,US
82,2163355,Hobart,-42.88,147.33,69.01,52,75,18.34,AU
83,2122493,Omsukchan,62.53,155.8,-10.26,86,100,4.09,RU
84,1015776,Bredasdorp,-34.53,20.04,50.0,87,47,2.24,ZA
85,1819729,Hong Kong,22.29,114.16,84.2,51,40,10.29,HK
86,899274,Samfya,-11.36,29.56,66.04,91,100,1.3,ZM
87,2137773,Vao,-22.67,167.48,75.4,78,0,13.78,NC
88,2249281,Linguère,15.4,-15.12,68.0,49,0,2.24,SN
89,6071876,Melfort,52.87,-104.62,19.4,85,100,3.36,CA
90,5877641,Wasilla,61.58,-149.44,19.4,84,1,0.78,US
91,2644210,Liverpool,53.41,-2.98,51.8,93,94,28.86,GB
92,3670242,San Alberto,7.76,-73.39,76.41,78,98,2.73,CO
93,2441447,Maïné Soroa,13.21,12.02,69.8,30,0,10.31,NE
94,1264976,Leh,34.17,77.58,28.65,76,43,6.13,IN
95,1505526,Irbit,57.67,63.07,7.45,92,0,3.22,RU
96,3572462,Dunmore Town,25.5,-76.65,78.4,76,0,12.82,BS
97,4032243,Vaini,-21.2,-175.2,78.8,83,75,5.82,TO
98,3401148,Cururupu,-1.83,-44.87,77.7,88,55,4.63,BR
99,1524606,Derzhavīnsk,51.1,66.32,11.26,95,98,11.36,KZ
100,2167426,Emerald,-23.53,148.17,100.99,19,0,10.29,AU
101,2084442,Vanimo,-2.67,141.3,86.65,66,62,8.79,PG
102,3939761,Hualmay,-11.1,-77.61,62.65,84,95,8.68,PE
103,2100933,Ambunti,-4.24,142.84,92.1,52,97,3.27,PG
104,1262672,Mūdbidri,13.08,74.98,84.2,66,40,9.17,IN
105,2165478,Gladstone,-23.85,151.25,82.4,58,2,12.75,AU
106,5882953,Aklavik,68.22,-135.01,14.0,78,100,14.99,CA
107,2134814,Sola,-13.88,167.55,87.8,70,75,9.17,VU
108,118704,Rāvar,31.27,56.81,48.47,48,4,1.97,IR
109,1056899,Sambava,-14.27,50.17,75.67,76,19,13.69,MG
110,4031637,Lavrentiya,65.58,-171.0,31.86,96,100,25.43,RU
111,6165406,Thompson,55.74,-97.86,-5.8,76,5,5.82,CA
112,2180815,Tuatapere,-46.13,167.68,59.0,77,12,18.99,NZ
113,2126199,Cherskiy,68.75,161.3,1.56,93,100,7.07,RU
114,2155415,New Norfolk,-42.78,147.06,66.0,43,57,15.01,AU
115,2177069,Ballina,-28.87,153.57,91.99,74,0,19.46,AU
116,777019,Vardø,70.37,31.11,41.0,86,75,19.46,NO
117,935215,Saint-Philippe,-21.36,55.77,73.4,46,75,6.93,RE
118,3893629,Coquimbo,-29.95,-71.34,55.4,82,49,4.7,CL
119,2890328,Kirchzarten,47.97,7.95,51.01,76,83,1.99,DE
120,3901501,Villazón,-22.09,-65.59,51.6,68,0,7.63,BO
121,1496073,Orlik,52.52,99.83,23.7,85,100,1.59,RU
122,2123814,Leningradskiy,69.38,178.42,24.12,91,89,7.52,RU
123,5367788,Lompoc,34.64,-120.46,69.8,71,1,6.89,US
124,5866583,Saint Paul Harbor,57.79,-152.41,35.6,55,1,12.75,US
125,1735902,Sibu,2.3,111.82,86.0,74,20,3.36,MY
126,1254709,Tezu,27.92,96.17,81.01,31,0,3.06,IN
127,3471451,Arraial do Cabo,-22.97,-42.03,73.62,94,83,10.78,BR
128,3361934,Saldanha,-33.01,17.94,55.4,82,100,8.05,ZA
129,2126123,Chokurdakh,70.63,147.92,-21.35,89,72,2.84,RU
130,158514,Kaliua,-5.06,31.79,64.58,87,97,2.24,TZ
131,3421719,Narsaq,60.92,-46.05,14.0,56,0,2.24,GL
132,921786,Mitsamiouli,-11.38,43.28,78.96,70,0,5.46,KM
133,3929493,San Juan Bautista,-14.01,-75.74,64.4,82,0,11.41,PE
134,1853237,Saiki,32.95,131.9,68.0,77,75,5.82,JP
135,5117949,Freeport,40.66,-73.58,55.4,76,90,9.17,US
136,895057,Binga,-17.62,27.34,75.54,69,91,3.0,ZW
137,1106677,Bambous Virieux,-20.34,57.76,75.99,56,40,10.29,MU
138,3127460,Burgos,42.34,-3.71,48.2,93,90,4.7,ES
139,3894426,Coyhaique,-45.58,-72.07,48.2,76,20,3.36,CL
140,5855927,Hilo,19.73,-155.09,77.0,78,40,3.36,US
141,3129877,Aranda de Duero,41.67,-3.69,53.82,90,100,8.57,ES
142,108410,Riyadh,24.69,46.72,66.2,55,0,4.7,SA
143,5404476,Ukiah,39.15,-123.21,55.4,93,90,1.32,US
144,2281120,Tabou,4.42,-7.35,78.48,84,1,7.85,CI
145,6185377,Yellowknife,62.46,-114.35,1.4,84,40,4.7,CA
146,686090,Asău,46.43,26.4,37.0,91,6,3.38,RO
147,1524302,Ereymentau,51.62,73.1,18.37,97,100,5.75,KZ
148,3381538,Grand-Santi,4.25,-54.38,73.0,97,4,3.06,GF
149,6167817,Torbay,47.67,-52.73,34.0,88,90,8.05,CA
150,3995017,Navolato,24.77,-107.69,73.4,60,40,3.94,MX
151,698247,Ostër,50.95,30.88,39.0,100,99,9.71,UA
152,3404558,Cabedelo,-6.98,-34.83,75.2,100,75,3.36,BR
153,4465088,Elizabeth City,36.29,-76.25,71.6,78,90,14.99,US
154,5905393,Bonavista,48.65,-53.11,33.01,92,97,3.36,CA
155,3985710,Cabo San Lucas,22.89,-109.91,73.4,64,5,4.7,MX
156,236901,Ouadda,8.08,22.4,66.83,33,85,4.29,CF
157,2524869,Cutro,39.04,16.98,48.2,93,13,5.82,IT
158,3938415,Ilo,-17.64,-71.34,63.25,78,50,7.38,PE
159,3628473,San Cristobal,7.77,-72.22,66.36,92,92,2.93,VE
160,2017155,Saskylakh,71.92,114.08,2.66,93,98,7.92,RU
161,3698359,Chicama,-7.84,-79.15,64.65,80,100,5.23,PE
162,4301317,Morehead,37.27,-87.18,44.6,56,1,8.77,US
163,3430545,Morón,-34.65,-58.62,64.99,71,0,6.24,AR
164,3374083,Bathsheba,13.22,-59.52,80.6,88,75,9.17,BB
165,3359638,Walvis Bay,-22.96,14.51,57.0,87,3,11.41,NA
166,2121385,Severo-Kuril'sk,50.68,156.12,36.25,87,98,11.27,RU
167,1490256,Talnakh,69.49,88.4,8.6,84,75,8.95,RU
168,3423146,Ilulissat,69.22,-51.1,12.2,33,62,26.4,GL
169,1693574,Pinamungahan,10.27,123.58,87.8,70,20,10.29,PH
170,2090021,Namatanai,-3.67,152.43,83.35,72,100,9.42,PG
171,1649150,Bengkulu,-3.8,102.27,88.02,60,68,6.51,ID
172,3448197,São Simão,-21.48,-47.55,71.6,78,20,5.82,BR
173,50814,Wajid,3.81,43.25,73.33,82,19,14.81,SO
174,509483,Pinega,64.7,43.39,32.95,94,100,9.8,RU
175,964420,Port Elizabeth,-33.92,25.57,62.6,88,90,8.05,ZA
176,5924351,Clyde River,70.47,-68.59,12.2,56,90,12.75,CA
177,1655124,Phonhong,18.5,102.42,75.2,88,75,4.7,LA
178,3520994,Puerto Escondido,15.85,-97.07,78.8,74,40,3.36,MX
179,5983720,Iqaluit,63.75,-68.51,24.8,73,75,20.8,CA
180,3461425,Ilhabela,-23.78,-45.36,74.14,87,20,8.12,BR
181,1282256,Hithadhoo,-0.6,73.08,83.37,78,99,22.68,MV
182,5380420,Pacifica,37.61,-122.49,59.0,72,1,5.82,US
183,665004,Târgu Mureş,46.54,24.56,32.0,85,90,2.24,RO
184,6111862,Port Hardy,50.7,-127.42,44.6,100,40,2.24,CA
185,4032420,Neiafu,-18.65,-173.98,82.4,69,40,6.93,TO
186,53654,Mogadishu,2.04,45.34,80.31,78,34,11.95,SO
187,1624725,Tarakan,3.3,117.63,82.92,71,12,1.63,ID
188,2332504,Lafiagi,8.87,5.42,75.22,47,100,0.94,NG
189,1611195,Chiang Klang,19.29,100.86,78.8,65,0,1.12,TH
190,3099434,Gdańsk,54.35,18.65,42.8,93,75,13.87,PL
191,5861897,Fairbanks,64.84,-147.72,0.0,77,75,0.67,US
192,3883457,Lebu,-37.62,-73.65,50.54,85,0,17.52,CL
193,5282297,Bethel,41.37,-73.41,53.6,71,90,11.41,US
194,1785572,Yuxia,34.06,108.63,64.0,71,0,17.9,CN
195,1735106,George Town,5.41,100.34,87.8,74,20,3.36,MY
196,315530,Erciş,39.03,43.36,35.6,80,75,2.91,TR
197,3471830,Araguari,-18.65,-48.19,69.8,83,40,8.05,BR
198,2082539,Merauke,-8.47,140.33,85.84,70,51,16.04,ID
199,4004293,Ixtapa,20.7,-105.2,75.99,83,5,2.37,MX
200,5859699,College,64.86,-147.8,0.0,77,75,0.6,US
201,6316343,Alta Floresta,-9.88,-56.09,71.87,93,100,1.9,BR
202,4544383,Okmulgee,35.62,-95.96,39.2,64,1,5.55,US
203,364933,Umm Kaddadah,13.6,26.69,65.79,41,0,16.44,SD
204,2121025,Srednekolymsk,67.45,153.68,-11.7,90,100,8.03,RU
205,2036892,Hohhot,40.81,111.65,55.4,42,0,8.95,CN
206,3994616,Nuevo Casas Grandes,30.42,-107.92,49.32,45,0,2.17,MX
207,2270385,Camacha,33.08,-16.33,69.8,94,75,17.22,PT
208,1488903,Turukhansk,65.82,87.98,0.73,93,100,5.32,RU
209,3382160,Cayenne,4.93,-52.33,77.0,100,35,7.43,GF
210,921772,Moroni,-11.7,43.26,77.94,65,0,1.45,KM
211,3663517,Manaus,-3.1,-60.02,80.6,94,20,1.12,BR
212,3517970,Pochutla,15.74,-96.47,77.0,78,20,3.62,MX
213,3461892,Guaraniaçu,-25.1,-52.88,63.82,97,100,1.19,BR
214,2514301,Mahon,39.89,4.27,64.4,93,0,6.93,ES
215,3576994,Cockburn Town,21.46,-71.14,79.92,74,27,19.95,TC
216,2070998,Geraldton,-28.77,114.6,82.4,23,0,5.82,AU
217,2126710,Beringovskiy,63.05,179.32,35.13,90,100,19.69,RU
218,1817968,Anshun,26.25,105.93,63.86,78,97,15.43,CN
219,2180995,Tokoroa,-38.23,175.87,66.99,69,96,8.99,NZ
220,3419842,Sisimiut,66.94,-53.67,19.78,92,59,13.78,GL
221,5746545,Portland,45.52,-122.68,48.99,87,90,11.41,US
222,2400578,Fougamou,-1.22,10.58,73.35,95,100,0.38,GA
223,1539210,Purpe,64.48,76.69,7.0,88,100,11.43,RU
224,1788522,Hancheng,32.52,112.35,68.31,46,0,7.36,CN
225,2963295,Killybegs,54.63,-8.45,45.0,88,100,5.01,IE
226,6148373,Sioux Lookout,50.1,-91.92,21.2,79,90,20.8,CA
227,1498161,Muzhi,65.37,64.67,15.48,94,100,6.82,RU
228,3351380,Caconda,-13.73,15.07,60.58,98,100,2.68,AO
229,1507390,Dikson,73.51,80.55,25.52,99,100,18.32,RU
230,2030065,Mandalgovi,45.76,106.27,34.3,86,100,5.97,MN
231,1621034,Wiset Chai Chan,14.6,100.36,86.0,60,0,7.0,TH
232,7601762,Bairiki Village,1.33,172.98,86.0,62,40,10.29,KI
233,4920986,Griffith,41.53,-87.42,36.0,69,40,23.04,US
234,632370,Varkaus,62.32,27.87,32.0,86,90,11.41,FI
235,1267390,Kavaratti,10.57,72.64,84.2,83,20,4.7,IN
236,3868633,Vallenar,-28.57,-70.76,51.64,81,0,0.4,CL
237,107304,Buraidah,26.33,43.98,60.8,67,40,10.29,SA
238,5690366,Mandan,46.83,-100.89,28.4,63,1,8.05,US
239,3452711,Porto Nacional,-10.71,-48.42,80.6,78,40,8.05,BR
240,2071059,Gawler,-34.6,138.73,70.0,43,0,11.01,AU
241,2138555,Poum,-20.23,164.02,77.88,82,48,11.3,NC
242,3391387,Porto de Moz,-1.75,-52.24,77.65,83,100,5.1,BR
243,3984078,Santa María del Oro,25.93,-105.37,57.85,56,65,3.67,MX
244,3466165,Cidreira,-30.18,-50.21,69.66,94,97,5.3,BR
245,1067565,Beloha,-25.17,45.05,70.39,59,0,11.97,MG
246,3346821,Ondjiva,-17.07,15.73,68.45,79,73,5.32,AO
247,497971,Sedkyrkeshch,61.75,50.92,28.4,92,90,4.47,RU
248,1275637,Bilāspur,22.08,82.15,80.31,50,0,3.98,IN
249,4047434,Russell,32.35,-85.2,60.8,71,1,4.7,US
250,934479,Grand Gaube,-20.01,57.66,75.99,48,1,8.01,MU
251,2374583,Bubaque,11.28,-15.83,84.94,55,0,6.4,GW
252,3533462,Acapulco de Juárez,16.86,-99.89,82.4,78,40,2.24,MX
253,1214488,Meulaboh,4.14,96.13,84.27,68,98,0.87,ID
254,1024312,Mocuba,-16.84,36.99,70.34,76,0,1.79,MZ
255,8079926,Labuhan,-6.88,112.21,89.28,59,16,6.15,ID
256,2264557,Ponta do Sol,32.67,-17.1,69.8,100,75,21.92,PT
257,3652758,Puerto Baquerizo Moreno,-0.9,-89.6,68.02,78,71,10.13,EC
258,3380450,Roura,4.73,-52.33,77.0,100,24,2.35,GF
259,3939168,Huarmey,-10.07,-78.15,63.07,84,96,8.68,PE
260,3141667,Roald,62.58,6.13,52.0,87,100,8.05,NO
261,527012,Mikhaylovka,50.06,43.24,23.9,81,100,16.78,RU
262,6065253,Manitouwadge,49.12,-85.84,33.8,95,100,3.36,CA
263,2387890,Bouca,6.51,18.27,67.35,51,0,1.54,CF
264,5380437,Pacific Grove,36.62,-121.92,55.99,54,1,4.7,US
265,2125693,Evensk,61.95,159.23,18.97,97,97,9.64,RU
266,5847411,Kahului,20.89,-156.47,80.6,65,1,12.75,US
267,3839307,Rawson,-43.3,-65.1,64.38,37,58,8.52,AR
268,350550,Qena,26.16,32.72,59.0,72,0,2.24,EG
269,1272962,Dhanera,24.52,72.02,80.24,31,0,3.96,IN
270,217570,Buta,2.79,24.73,68.14,97,75,1.68,CD
271,778707,Mehamn,71.04,27.85,37.4,86,40,18.34,NO
272,5354943,Half Moon Bay,37.46,-122.43,59.0,82,75,5.82,US
273,1855540,Naze,28.37,129.48,78.8,61,20,11.41,JP
274,2206890,Masterton,-40.96,175.66,66.0,76,19,1.99,NZ
275,706335,Kholmy,51.87,32.6,28.85,98,26,9.78,UA
276,648090,Lieksa,63.32,30.02,33.1,93,98,14.83,FI
277,5911745,Burns Lake,54.23,-125.75,26.6,92,100,2.91,CA
278,3693584,Pimentel,-6.84,-79.93,63.0,85,95,10.04,PE
279,3414079,Olafsvik,64.89,-23.71,36.93,79,100,16.82,IS
280,2109701,Auki,-8.77,160.7,79.43,84,100,4.99,SB
281,5024719,Duluth,46.78,-92.11,26.6,73,90,21.92,US
282,2310533,Acurenam,1.03,10.65,68.61,98,83,3.02,GQ
283,468991,Yarega,63.44,53.58,29.05,99,99,5.59,RU
284,3871336,Santiago,-33.46,-70.65,60.01,44,0,9.17,CL
285,4172445,Seminole,28.71,-81.21,75.0,88,90,8.05,US
286,535839,Leshukonskoye,64.9,45.76,31.53,97,100,7.85,RU
287,1263852,Mandlā,22.6,80.38,79.93,49,0,3.31,IN
288,3385077,Conde,-7.26,-34.91,75.2,100,75,3.36,BR
289,118191,Rūdsar,37.14,50.29,51.8,81,75,2.24,IR
290,638936,Rovaniemi,66.5,25.72,35.6,93,90,14.99,FI
291,2112802,Hasaki,35.73,140.83,72.0,60,20,5.82,JP
292,1842966,Gijang,35.24,129.21,66.2,34,0,2.24,KR
293,2021017,Kysyl-Syr,63.9,122.76,-7.31,89,76,5.93,RU
294,2016907,Severomuysk,56.15,113.43,2.26,89,23,1.7,RU
295,533933,Lovozero,68.0,35.01,35.56,92,100,10.04,RU
296,3836277,Santa Fe,-31.63,-60.7,69.01,61,79,1.01,AR
297,3671519,Puerto Carreño,6.19,-67.49,79.14,88,54,5.93,CO
298,3933986,Orcopampa,-15.27,-72.34,49.44,43,83,1.52,PE
299,5554428,Ketchikan,55.34,-131.65,39.2,80,1,5.82,US
300,2139521,Noumea,-22.28,166.46,86.0,55,40,13.87,NC
301,482042,Toropets,56.5,31.64,30.43,97,99,8.32,RU
302,1513087,Nurota,40.56,65.69,32.0,83,0,2.24,UZ
303,2122605,Okhotsk,59.38,143.3,7.9,87,23,17.85,RU
304,2028164,Deputatsky,69.3,139.9,-13.52,90,61,4.59,RU
305,2980080,Saint-François,46.42,3.91,48.2,81,0,4.7,FR
306,934649,Cap Malheureux,-19.98,57.61,75.99,48,0,8.01,MU
307,6050066,La Ronge,55.1,-105.28,15.8,78,23,2.19,CA
308,1516438,Zyryanovsk,49.74,84.27,25.7,93,100,2.46,KZ
309,2287778,Jacqueville,5.21,-4.41,82.4,88,75,9.17,CI
310,496285,Severodvinsk,64.56,39.83,35.6,80,90,6.71,RU
311,986717,Kruisfontein,-34.0,24.73,61.0,91,94,1.01,ZA
312,2446796,Bilma,18.69,12.92,66.15,35,0,8.43,NE
313,58933,Garoowe,8.41,48.48,71.17,65,64,8.25,SO
314,115770,Shahr-e Kord,32.33,50.86,24.8,79,20,2.24,IR
315,4021858,Guerrero Negro,27.98,-114.06,65.16,64,0,4.23,MX
316,3355672,Lüderitz,-26.65,15.16,56.59,80,53,13.67,NA
317,2015306,Tiksi,71.69,128.87,-8.5,89,48,7.14,RU
318,3175096,Laas,46.62,10.7,42.01,100,90,3.04,IT
319,172515,Abu Samrah,35.3,37.18,52.57,82,0,2.73,SY
320,2409914,Bonthe,7.53,-12.51,78.67,81,0,3.87,SL
321,2219235,Ubari,26.59,12.78,56.21,60,28,7.54,LY
322,5495360,Tucumcari,35.17,-103.72,53.6,22,1,18.34,US
323,565172,Dorokhovo,55.55,36.37,30.2,86,90,8.95,RU
324,2444219,Gouré,13.98,10.27,72.0,30,34,8.01,NE
325,3654410,Manta,-0.95,-80.73,71.6,83,40,9.17,EC
326,336496,Gimbi,9.17,35.83,54.77,83,0,1.92,ET
327,149812,Sokoni,-6.43,39.55,77.0,88,75,7.72,TZ
328,1626542,Sorong,-0.88,131.25,84.22,73,100,5.44,ID
329,5830007,Lander,42.83,-108.73,39.2,48,1,13.87,US
330,3448861,São João do Paraíso,-15.31,-42.01,68.34,88,100,4.32,BR
331,1687186,Sarangani,5.4,125.46,83.75,78,30,18.25,PH
332,610445,Balyqshy,47.07,51.87,10.4,78,0,11.18,KZ
333,493566,Shugurovo,54.51,52.13,9.52,89,0,0.96,RU
334,705433,Kolochava,48.43,23.7,37.33,84,94,2.33,UA
335,3432043,La Plata,-34.92,-57.95,62.01,90,0,7.81,AR
336,2122104,Petropavlovsk-Kamchatskiy,53.05,158.65,39.2,55,20,6.71,RU
337,556268,Ostrovnoy,68.05,39.51,34.39,89,100,27.4,RU
338,2243271,Cabinda,-5.55,12.2,77.67,85,100,7.9,AO
339,1629965,Tanete,-3.94,119.78,92.62,49,64,11.27,ID
340,1642773,Japura,-0.32,102.35,84.4,82,66,2.35,ID
341,3372707,Ribeira Grande,38.52,-28.7,65.57,89,18,16.42,PT
342,4634662,Kingsport,36.55,-82.56,50.0,39,1,10.29,US
343,3430443,Necochea,-38.55,-58.74,45.0,92,0,5.01,AR
344,3120431,Igualada,41.58,1.62,55.0,80,96,2.21,ES
345,2630299,Hofn,64.25,-15.21,37.4,77,99,20.29,IS
346,3435038,Dolores,-36.31,-57.68,46.29,93,0,4.16,AR
347,2514651,Los Llanos de Aridane,28.66,-17.92,69.8,83,0,2.24,ES
348,1501356,Kuragino,53.9,92.67,17.69,94,79,1.88,RU
349,2434584,Bousso,10.48,16.71,71.53,27,100,6.67,TD
350,1785036,Zhangye,38.93,100.45,45.16,47,25,4.41,CN
351,2083537,Wewak,-3.55,143.63,86.67,64,84,9.37,PG
352,3183284,Alghero,40.56,8.32,64.4,93,40,4.7,IT
353,1242110,Kalmunai,7.42,81.82,84.97,69,100,6.33,LK
354,3164387,Vieste,41.88,16.18,51.8,100,90,3.36,IT
355,711867,Bohuslav,49.55,30.87,37.85,93,95,7.52,UA
356,1235846,Matara,5.95,80.54,75.65,96,100,2.15,LK
357,5983607,Inuvik,68.35,-133.72,14.0,78,100,14.99,CA
358,3984997,San Quintín,30.48,-115.95,65.19,46,0,3.0,MX
359,1489822,Tegul'det,57.31,88.17,16.48,95,49,5.35,RU
360,2192362,Christchurch,-43.53,172.63,66.2,63,43,20.8,NZ
361,6166142,Thunder Bay,48.4,-89.32,28.4,74,90,19.46,CA
362,962367,Richards Bay,-28.78,32.04,70.93,88,29,1.21,ZA
363,2191562,Dunedin,-45.87,170.5,61.0,77,42,10.0,NZ
364,4956335,Yarmouth,41.71,-70.23,59.0,87,90,16.11,US
365,4636045,Lebanon,36.21,-86.29,44.01,70,1,3.36,US
366,303290,Ortaköy,38.74,34.04,28.4,92,40,4.7,TR
367,258175,Lixouri,38.2,20.43,60.35,71,0,3.49,GR
368,2961459,Skibbereen,51.55,-9.27,46.4,81,40,11.41,IE
369,60019,Eyl,7.98,49.82,76.86,61,64,15.35,SO
370,6162951,Terrace Bay,48.78,-87.1,33.8,93,100,3.36,CA
371,1513491,Yangi Marg`ilon,40.43,71.72,33.8,80,0,4.7,UZ
372,3160100,Beian,63.66,9.57,57.2,62,75,25.28,NO
373,3440777,Rocha,-34.48,-54.33,55.85,92,18,6.6,UY
374,4955336,Weymouth,42.22,-70.94,60.01,90,98,15.99,US
375,3204674,Palanka,45.25,19.39,42.01,93,13,6.93,RS
376,337405,Gambēla,8.25,34.58,72.81,66,29,2.48,ET
377,3601402,Savannah Bight,16.45,-85.85,79.0,79,82,9.93,HN
378,2632287,Dalvik,65.97,-18.53,33.8,69,90,4.7,IS
379,2400547,Gamba,-2.65,10.0,77.23,90,100,6.17,GA
380,2129513,Shimokizukuri,40.81,140.39,55.99,76,75,16.11,JP
381,3407762,Amapá,1.0,-52.0,72.82,98,99,2.17,BR
382,3430708,Mercedes,-34.65,-59.43,59.0,73,0,6.58,AR
383,3421982,Maniitsoq,65.42,-52.9,19.36,85,80,8.81,GL
384,608270,Shubarshi,48.59,57.19,13.5,92,0,5.97,KZ
385,1715335,Davila,18.47,120.58,89.6,66,20,14.99,PH
386,2071860,Esperance,-33.87,121.9,73.4,43,2,11.41,AU
387,7671223,Kloulklubed,7.04,134.26,82.4,83,75,9.17,PW
388,3397763,Jacareacanga,-6.22,-57.75,77.67,76,55,0.45,BR
389,3357114,Grootfontein,-19.57,18.12,67.71,74,78,4.16,NA
390,2127282,Aleksandrovsk-Sakhalinskiy,50.9,142.16,28.69,84,96,11.16,RU
391,3696104,Jayanca,-6.39,-79.82,64.0,82,95,1.01,PE
392,1252668,Ziro,27.63,93.83,75.2,73,0,2.24,IN
393,3459909,Jerônimo Monteiro,-20.79,-41.4,71.13,91,20,0.51,BR
394,3412093,Vestmannaeyjar,63.44,-20.27,40.08,70,100,6.98,IS
395,3474574,Palmas,-10.21,-48.36,80.6,78,40,8.05,BR
396,6064704,Malartic,48.13,-78.13,39.2,93,90,20.8,CA
397,5557293,Sitka,57.05,-135.33,30.2,86,40,5.82,US
398,2512186,Puerto del Rosario,28.5,-13.86,71.6,64,0,5.82,ES
399,3843123,Neuquén,-38.95,-68.06,59.0,58,0,3.36,AR
400,3456125,Nova Prata,-28.78,-51.61,66.99,89,92,1.77,BR
401,2610343,Vestmanna,62.16,-7.17,42.8,93,100,16.11,FO
402,5392368,San Marcos,33.14,-117.17,64.99,39,1,3.36,US
403,3838793,Río Tercero,-32.17,-64.11,57.99,77,25,4.54,AR
404,3670595,Rosas,2.26,-76.74,58.06,92,100,1.83,CO
405,582447,Almaznyy,48.04,40.05,33.8,99,75,17.9,RU
406,239300,Gambo,4.65,22.26,68.88,76,31,0.92,CF
407,779622,Havøysund,71.0,24.66,39.2,80,100,12.75,NO
408,5563839,Fortuna,40.6,-124.16,61.0,87,90,10.29,US
409,359783,Assiut,27.18,31.18,55.4,87,0,11.41,EG
410,562070,Gamovo,57.87,56.11,12.2,85,75,8.95,RU
411,3893726,Constitución,-35.33,-72.42,52.77,78,1,4.34,CL
412,3461090,Iporá,-16.44,-51.12,70.9,83,92,0.81,BR
413,627907,Gomel,52.43,30.98,35.6,100,90,13.42,BY
414,2128975,Nemuro,43.32,145.57,51.8,62,75,8.05,JP
415,2510573,Teguise,29.06,-13.56,73.4,33,0,4.7,ES
416,3450188,Santa Isabel,-23.32,-46.22,73.4,78,0,4.7,BR
417,1337245,Mādārīpur,23.18,90.21,80.78,55,0,4.25,BD
418,2457161,Gao,16.64,1.64,71.02,22,0,16.13,ML
419,2537881,Safi,32.3,-9.24,73.42,44,0,6.93,MA
420,2177233,Bairnsdale,-37.83,147.62,81.0,34,2,7.0,AU
421,5954718,Flin Flon,54.77,-101.86,-0.35,92,0,3.85,CA
422,2803285,Alken,50.88,5.31,48.99,81,87,9.17,BE
423,1526041,Atasū,48.68,71.64,6.46,95,29,7.83,KZ
424,1529195,Shihezi,44.3,86.03,38.88,71,100,6.76,CN
425,4132093,Springdale,36.19,-94.13,44.01,64,1,5.5,US
426,3445026,Vila Velha,-20.33,-40.29,71.6,94,0,2.24,BR
427,3927942,Tambopata,-12.73,-69.18,76.35,79,2,1.28,PE
428,3899695,Ancud,-41.87,-73.82,52.0,87,90,1.12,CL
429,1717787,Catuday,16.29,119.81,83.71,70,0,2.57,PH
430,3466980,Caravelas,-17.71,-39.25,74.75,93,100,8.66,BR
431,344420,Axum,14.12,38.72,52.48,62,60,7.02,ET
432,6089245,Norman Wells,65.28,-126.83,1.4,84,75,2.24,CA
433,1496503,Noyabrsk,63.2,75.45,3.9,91,100,9.84,RU
434,3353383,Rundu,-17.93,19.77,66.72,87,83,3.69,NA
435,4462716,Cumberland,35.05,-78.87,68.0,94,75,8.05,US
436,2013279,Vostok,46.49,135.88,23.04,81,3,15.59,RU
437,1699805,Mexico,15.06,120.72,89.6,62,75,4.7,PH
438,2983011,Romans-sur-Isère,45.05,5.06,53.01,90,100,7.18,FR
439,2430506,Kelo,9.31,15.81,68.68,28,61,4.97,TD
440,1337610,Thinadhoo,0.53,72.93,80.89,76,100,23.02,MV
441,1510689,Baykit,61.67,96.37,6.85,91,100,3.96,RU
442,2038067,Chifeng,42.27,118.96,49.46,44,0,9.26,CN
443,3448903,São João da Barra,-21.64,-41.05,73.17,94,20,2.93,BR
444,1259184,Puri,19.8,85.85,78.8,74,40,5.82,IN
445,286245,Sur,22.57,59.53,78.08,48,0,4.97,OM
446,4845585,Westport,41.14,-73.36,55.0,51,100,15.52,US
447,2409215,Mattru,7.62,-11.83,73.78,92,0,1.01,SL
448,935214,Saint-Pierre,-21.34,55.48,73.4,46,75,6.93,RE
449,618577,Tighina,46.83,29.47,41.0,93,0,4.7,MD
450,3529654,Dzilam González,21.28,-88.93,74.32,95,0,4.43,MX
451,2093967,Kimbe,-5.55,150.14,83.8,78,100,2.06,PG
452,1502697,Kondinskoye,59.65,67.41,4.6,94,6,1.74,RU
453,2656708,Ayr,55.46,-4.63,53.6,76,75,16.11,GB
454,3354178,Ongandjera,-17.88,15.07,73.17,53,58,6.76,NA
455,72181,Marzuq,14.4,46.47,64.67,35,0,0.38,YE
456,2038541,Baiquan,47.58,126.08,31.48,78,100,5.75,CN
457,3156980,Florø,61.6,5.03,50.0,76,100,20.8,NO
458,492860,Sindor,62.86,51.89,26.8,98,100,6.06,RU
459,2636790,Stornoway,58.21,-6.39,48.99,93,47,12.75,GB
460,3654536,Machachi,-0.5,-78.57,53.6,76,40,3.76,EC
461,477629,Uvarovka,55.53,35.61,29.86,97,100,6.82,RU
462,2155562,Nelson Bay,-32.72,152.15,98.6,23,0,12.75,AU
463,527321,Mezen',65.85,44.24,31.62,96,95,11.36,RU
464,1640972,Katobu,-4.94,122.53,93.51,47,63,2.28,ID
465,1489057,Tugulym,57.06,64.64,-2.2,84,75,4.47,RU
466,3407357,Araguaína,-7.19,-48.21,76.1,85,27,1.81,BR
467,2274895,Monrovia,6.3,-10.8,77.0,94,20,2.35,LR
468,3386213,Touros,-5.2,-35.46,75.2,94,40,3.36,BR
469,2181625,Te Anau,-45.42,167.72,63.97,46,1,7.83,NZ
470,3118514,Lleida,41.62,0.62,55.4,100,0,8.05,ES
471,2065594,Mount Isa,-20.73,139.5,100.4,22,82,12.75,AU
472,2264357,Póvoa de Santo Adrião,38.8,-9.17,61.0,100,20,1.12,PT
473,2171722,Charters Towers,-20.1,146.27,98.29,20,0,16.78,AU
474,1213855,Sibolga,1.74,98.78,89.01,60,39,3.78,ID
475,1485042,Zmeinogorsk,51.16,82.19,20.88,86,0,15.64,RU
476,3347719,Luena,-11.78,19.92,60.42,98,67,2.24,AO
477,4705349,Laredo,27.51,-99.51,66.2,24,1,5.82,US
478,1706466,Ligayan,4.65,119.47,83.71,69,83,1.74,PH
479,5289658,Chino Valley,34.76,-112.45,46.99,39,1,4.7,US
480,406993,Eqbālīyeh,35.3,51.54,48.2,87,75,6.93,IR
481,2172797,Cairns,-16.92,145.77,93.0,49,93,13.87,AU
482,3671497,Puerto Colombia,10.99,-74.95,77.0,94,40,2.24,CO
483,3723593,Jérémie,18.65,-74.12,77.27,74,100,3.96,HT
484,2101169,Aitape,-3.14,142.35,85.57,74,66,9.06,PG
485,2092164,Lorengau,-2.02,147.27,85.06,74,99,11.3,PG
486,1633070,Palembang,-2.92,104.75,87.8,70,75,5.82,ID
487,3416888,Grindavik,63.84,-22.43,37.4,74,90,8.05,IS
488,5870133,Nome,64.5,-165.41,21.2,79,90,6.93,US
489,4828890,Chillicothe,39.33,-82.98,46.0,56,90,13.87,US
490,5969025,Haines Junction,60.75,-137.51,17.6,67,83,9.17,CA
491,1052373,Beira,-19.84,34.84,68.0,88,20,5.82,MZ
492,3450083,Santa Maria,-29.68,-53.81,73.4,88,40,9.17,BR
493,933077,Shakawe,-18.37,21.85,70.3,83,100,4.03,BW
494,5935804,Dawson Creek,55.77,-120.24,19.4,92,90,10.29,CA
495,1272525,Diphu,25.83,93.43,77.23,61,40,2.15,IN
496,3024035,Concarneau,47.88,-3.92,51.8,87,75,10.29,FR
497,1623197,Tual,-5.67,132.75,83.62,75,93,13.0,ID
498,2022129,Kichera,55.94,110.1,16.34,86,92,4.09,RU
499,6613142,Vincennes,48.85,2.43,52.0,87,90,12.75,FR
500,415189,Aden,12.78,45.04,79.3,71,3,11.63,YE
501,150453,Rujewa,-8.7,34.38,67.78,86,100,1.74,TZ
502,759591,Sanok,49.56,22.21,39.0,84,100,11.99,PL
503,3374210,São Filipe,14.9,-24.5,79.38,61,72,6.51,CV
504,4844309,Torrington,41.8,-73.12,50.0,92,97,5.01,US
505,1272864,Dhārchula,29.85,80.53,59.61,39,99,2.68,IN
506,5513343,Sunrise Manor,36.21,-115.07,59.0,19,1,5.82,US
507,1257940,Rura,26.48,79.9,70.74,72,88,7.02,IN
508,3468234,Caiapônia,-16.96,-51.81,69.66,84,91,1.92,BR
509,479140,Ul'yanovka,59.64,30.76,33.8,80,90,8.95,RU
510,3454818,Pato Branco,-26.23,-52.67,65.62,86,97,2.51,BR
511,2126785,Belaya Gora,68.53,146.42,-16.47,89,98,5.57,RU
512,2938991,Dannenberg,53.1,11.09,48.99,92,89,4.0,DE
513,3389012,São Benedito do Rio Preto,-3.33,-43.53,76.28,90,41,2.98,BR
514,3460355,Jaciara,-15.97,-54.97,73.99,80,100,1.99,BR
515,1802238,Loudi,27.73,111.99,70.27,67,75,4.18,CN
516,1224061,Wattegama,6.8,81.48,77.0,100,90,4.7,LK
517,1525798,Balkhash,46.84,74.98,24.8,100,90,8.95,KZ
518,212902,Kindu,-2.95,25.95,67.44,97,98,1.83,CD
519,4218882,Rincon,32.3,-81.24,68.0,88,1,3.36,US
520,3491161,Bull Savanna,17.89,-77.59,75.31,85,100,10.16,JM
521,4026082,Lázaro Cárdenas,17.96,-102.2,77.47,82,7,3.04,MX
522,2655186,Borehamwood,51.65,-0.28,51.01,87,67,12.75,GB
523,3970558,San Ignacio Río Muerto,27.42,-110.23,73.45,54,0,9.13,MX
524,4362001,Mayo,38.89,-76.51,55.99,62,40,9.17,US
525,3347019,Mossamedes,-15.2,12.15,67.96,79,9,4.09,AO
526,6180285,Whitecourt,54.15,-115.69,21.2,79,90,9.17,CA
527,3608828,Iralaya,15.0,-83.23,79.41,86,100,16.91,HN
528,1634614,Nabire,-3.37,135.48,85.01,65,97,5.82,ID
529,2743298,Aguçadoura,41.43,-8.78,54.0,100,90,2.24,PT
530,2367568,Bassar,9.25,0.78,71.6,83,0,1.14,TG
531,2035707,Mujiayingzi,42.12,118.78,48.36,47,0,6.17,CN
532,6067472,Marystown,47.17,-55.15,30.07,94,0,5.03,CA
533,6064202,Magrath,49.42,-112.87,33.8,74,0,11.41,CA
534,3456117,Nova Serrana,-19.88,-44.98,68.09,86,95,2.48,BR
535,367544,Sawākin,19.11,37.33,80.62,74,66,12.01,SD
536,2125906,Dukat,62.55,155.55,-14.33,88,100,3.69,RU
537,2456917,Goundam,16.41,-3.67,74.52,20,0,11.23,ML
538,1636426,Manggar,-2.88,108.27,85.64,68,22,6.02,ID
539,3470137,Belmonte,-15.86,-38.88,77.0,83,20,5.82,BR
540,114593,Susa,32.19,48.24,64.49,47,89,5.01,IR
541,761131,Przeworsk,50.06,22.49,41.0,86,0,6.93,PL
542,2179103,Whitianga,-36.83,175.7,69.46,54,99,9.91,NZ
543,3572924,Alice Town,25.72,-79.3,79.16,75,10,10.29,BS
544,3354077,Opuwo,-18.06,13.84,68.59,48,52,3.47,NA
545,605155,Kiruna,67.86,20.23,37.4,100,100,18.34,SE
